step,activated,fraction
0,3,0.0007427581084426838
1,248,0.061401336964595196
2,1022,0.2530329289428076
3,1857,0.4597672691260213
4,2263,0.5602871998019312
5,2464,0.610051993067591
6,2542,0.6293637038871007
7,2574,0.6372864570438227
8,2587,0.640505075513741
9,2590,0.6412478336221837
10,2594,0.6422381777667739
11,2596,0.642733349839069
12,2597,0.6429809358752167
13,2597,0.6429809358752167
